I_1,I_2,area_1,area_2,bg_val,fractional_birth_area,date,autofluorescence
918.3963585434174,0.0,714.0,724.0,397.5048494550355,0.488759367194005,20190122,362.8301890610184
0.0,0.0,602.0,705.0,0.0,0.5169988276670574,20190122,362.8301890610184
0.0,0.0,822.0,589.0,0.0,0.5974025974025974,20190122,362.8301890610184
918.3315217391304,926.1473354231975,368.0,319.0,397.5048494550355,0.5354200988467874,20190122,362.8301890610184
936.9129287598945,898.4056603773585,379.0,424.0,397.5048494550355,0.4777636594663278,20190122,362.8301890610184
884.9267015706806,950.206982543641,382.0,401.0,397.5048494550355,0.4878671775223499,20190122,362.8301890610184
883.7223382045929,739.298755186722,479.0,482.0,397.5048494550355,0.49206349206349204,20190122,362.8301890610184
938.4848484848485,0.0,297.0,682.0,397.5048494550355,0.30479102956167176,20190122,362.8301890610184
970.3502304147465,885.0729166666666,434.0,384.0,397.5048494550355,0.5291878172588832,20190122,362.8301890610184
1070.8599562363238,993.8797364085667,457.0,607.0,397.5048494550355,0.42951127819548873,20190122,362.8301890610184
842.3081761006289,850.2819875776397,636.0,805.0,397.5048494550355,0.5034867503486751,20190122,362.8301890610184
1036.4005167958655,956.1266968325792,387.0,442.0,397.5048494550355,0.46682750301568154,20190122,362.8301890610184
859.1846921797005,918.7996515679442,601.0,574.0,376.70209002042935,0.5123762376237624,20190122,362.8301890610184
1141.195195195195,1088.6717791411043,333.0,326.0,376.70209002042935,0.4715909090909091,20190122,362.8301890610184
1130.7313432835822,1168.1616438356164,402.0,365.0,376.70209002042935,0.5284974093264249,20190122,362.8301890610184
1151.5051975051974,1027.7581395348836,481.0,430.0,376.70209002042935,0.5279912184412733,20190122,362.8301890610184
0.0,0.0,710.0,745.0,0.0,0.5949477351916377,20190122,362.8301890610184
0.0,0.0,651.0,827.0,0.0,0.46202980837473384,20190122,362.8301890610184
1037.4594240837696,1133.2695035460993,764.0,705.0,376.70209002042935,0.5238663484486874,20190122,362.8301890610184
0.0,1272.5833333333333,528.0,480.0,0.0,0.44413012729844414,20190122,362.8301890610184
1205.99,991.8229376257545,300.0,497.0,376.70209002042935,0.3484455958549223,20190122,362.8301890610184
793.0852713178294,900.4288747346072,516.0,471.0,376.70209002042935,0.5761589403973509,20190122,362.8301890610184
1028.9927360774818,1026.3202247191011,413.0,356.0,376.70209002042935,0.5370611183355006,20190122,362.8301890610184
838.3987975951903,1009.0044642857143,499.0,448.0,376.70209002042935,0.5281385281385281,20190122,362.8301890610184
971.624,861.6995412844037,375.0,436.0,376.70209002042935,0.48739495798319327,20190122,362.8301890610184
1119.6410256410256,994.9211711711712,390.0,444.0,376.70209002042935,0.4676258992805755,20190122,362.8301890610184
0.0,0.0,303.0,935.0,0.0,0.40346205059920104,20190122,362.8301890610184
1041.8047690014903,1195.9719789842381,671.0,571.0,372.67654142389296,0.5293005671077504,20190122,362.8301890610184
1070.7205882352941,967.6243386243386,408.0,567.0,372.67654142389296,0.4336569579288026,20190122,362.8301890610184
0.0,925.2309090909091,898.0,550.0,0.0,0.642806012884753,20190122,362.8301890610184
714.5747800586511,704.231884057971,341.0,345.0,372.67654142389296,0.5362962962962963,20190122,362.8301890610184
926.796178343949,858.141975308642,314.0,324.0,372.67654142389296,0.48599670510708404,20190122,362.8301890610184
0.0,683.5376569037657,793.0,478.0,0.0,0.6516023007395234,20190122,362.8301890610184
854.3984819734345,863.1013916500995,527.0,503.0,372.67654142389296,0.49572649572649574,20190122,362.8301890610184
985.1303258145364,1016.675294117647,399.0,425.0,383.1547592367671,0.4641638225255973,20190122,362.8301890610184
710.4299242424242,803.7319587628866,528.0,485.0,383.1547592367671,0.5270108043217286,20190122,362.8301890610184
815.1453634085213,791.232098765432,399.0,405.0,383.1547592367671,0.5072083879423329,20190122,362.8301890610184
911.0910852713179,894.6841046277666,516.0,497.0,383.1547592367671,0.5168800931315483,20190122,362.8301890610184
981.5625,939.7882352941176,464.0,510.0,383.1547592367671,0.4749661705006766,20190122,362.8301890610184
0.0,0.0,585.0,356.0,0.0,0.6366396761133604,20190122,362.8301890610184
998.9824561403509,1026.8811659192825,456.0,446.0,383.1547592367671,0.4831325301204819,20190122,362.8301890610184
1031.5255319148937,941.6282352941176,470.0,425.0,383.1547592367671,0.5330578512396694,20190122,362.8301890610184
764.8361904761905,860.8039647577092,525.0,454.0,383.1547592367671,0.53125,20190122,362.8301890610184
761.8132956152758,797.3314176245211,707.0,522.0,375.69945100106924,0.5439672801635992,20190122,362.8301890610184
719.9465811965812,723.6673596673596,468.0,481.0,375.69945100106924,0.4721189591078067,20190122,362.8301890610184
784.130198915009,702.3993115318417,553.0,581.0,375.69945100106924,0.4576837416481069,20190122,362.8301890610184
938.7655172413793,1015.0418326693227,435.0,502.0,375.69945100106924,0.5006587615283268,20190122,362.8301890610184
1095.3569794050343,0.0,437.0,429.0,375.69945100106924,0.4461538461538462,20190122,362.8301890610184
624.3883647798742,654.9756097560976,636.0,533.0,375.69945100106924,0.544054747647562,20190122,362.8301890610184
1291.7251184834124,0.0,422.0,675.0,380.45380017116986,0.3894039735099338,20190122,362.8301890610184
0.0,0.0,568.0,623.0,0.0,0.5269709543568465,20190122,362.8301890610184
901.8918269230769,859.7133333333334,416.0,450.0,380.45380017116986,0.47619047619047616,20190122,362.8301890610184
796.8026030368763,811.575,461.0,520.0,380.45380017116986,0.46992864424057085,20190122,362.8301890610184
0.0,0.0,671.0,497.0,0.0,0.5266666666666666,20190122,362.8301890610184
870.9179810725552,930.5593220338983,317.0,295.0,380.45380017116986,0.5309090909090909,20190122,362.8301890610184
847.2314814814815,985.6432748538011,324.0,342.0,380.45380017116986,0.48295454545454547,20190122,362.8301890610184
0.0,821.2095096582467,723.0,673.0,0.0,0.49326145552560646,20190122,362.8301890610184
1072.2171428571428,969.6637931034483,350.0,348.0,380.45380017116986,0.4756944444444444,20190122,362.8301890610184
0.0,771.7560679611651,907.0,824.0,0.0,0.5009541984732825,20190122,362.8301890610184
861.326582278481,920.4817351598174,395.0,438.0,380.45380017116986,0.5043352601156069,20190122,362.8301890610184
887.6889763779527,813.469298245614,508.0,456.0,380.45380017116986,0.5269709543568465,20190122,362.8301890610184
732.0482180293501,770.6838842975206,477.0,484.0,380.45380017116986,0.4963579604578564,20190122,362.8301890610184
833.1529175050301,713.529296875,497.0,512.0,380.45380017116986,0.49256689791873143,20190122,362.8301890610184
837.7094801223242,978.2194244604317,327.0,278.0,380.45380017116986,0.5411558669001751,20190122,362.8301890610184
711.051094890511,712.4261682242991,548.0,535.0,380.45380017116986,0.5060018467220684,20190122,362.8301890610184
967.8597014925373,923.8885793871866,335.0,359.0,380.45380017116986,0.4809917355371901,20190122,362.8301890610184
922.620253164557,857.2664670658683,316.0,334.0,380.45380017116986,0.48517940717628705,20190122,362.8301890610184
713.6159420289855,768.4650112866817,552.0,443.0,380.45380017116986,0.5452609158679447,20190122,362.8301890610184
766.5633423180593,762.6704225352113,371.0,355.0,380.45380017116986,0.5110192837465565,20190122,362.8301890610184
695.5667870036101,739.5783972125436,554.0,574.0,380.45380017116986,0.5074812967581047,20190122,362.8301890610184
933.2056074766355,1055.4731861198738,321.0,634.0,380.45380017116986,0.33612565445026177,20190122,362.8301890610184
985.1309904153354,808.35,313.0,280.0,380.45380017116986,0.5278246205733558,20190122,362.8301890610184
838.1677018633541,846.0827423167849,483.0,423.0,380.45380017116986,0.5331125827814569,20190122,362.8301890610184
1075.806267806268,1187.3609467455622,351.0,338.0,380.45380017116986,0.5030120481927711,20190122,362.8301890610184
820.4090909090909,0.0,748.0,558.0,369.0777658265186,0.5644820295983086,20190122,362.8301890610184
875.6028119507909,868.5805921052631,569.0,608.0,369.0777658265186,0.4624463519313305,20190122,362.8301890610184
906.5753138075314,907.9768907563025,478.0,476.0,369.0777658265186,0.49891540130151846,20190122,362.8301890610184
1099.1666666666667,988.8313609467456,330.0,338.0,369.0777658265186,0.4800637958532695,20190122,362.8301890610184
1107.0884210526315,982.6644144144144,475.0,444.0,369.0777658265186,0.5209125475285171,20190122,362.8301890610184
845.2693548387097,814.9099378881988,620.0,644.0,369.0777658265186,0.4810126582278481,20190122,362.8301890610184
940.3758865248227,0.0,564.0,857.0,369.0777658265186,0.3613861386138614,20190122,362.8301890610184
0.0,0.0,384.0,354.0,0.0,0.5142857142857142,20190122,362.8301890610184
976.9551282051282,875.7275747508305,312.0,301.0,369.0777658265186,0.5041322314049587,20190122,362.8301890610184
0.0,623.6890547263681,410.0,402.0,0.0,0.5304010349288486,20190122,362.8301890610184
882.5414746543779,0.0,434.0,379.0,369.0777658265186,0.47889374090247455,20190122,362.8301890610184
728.8393194706995,711.7406542056075,529.0,428.0,369.0777658265186,0.543455497382199,20190122,362.8301890610184
0.0,0.0,645.0,496.0,0.0,0.4524617996604414,20190122,362.8301890610184
1105.997198879552,1436.4541666666667,714.0,480.0,359.8047500684337,0.5681293302540416,20190122,362.8301890610184
710.3363309352518,704.00625,556.0,480.0,359.8047500684337,0.45680473372781066,20190122,362.8301890610184
0.0,0.0,742.0,658.0,0.0,0.5102272727272728,20190122,362.8301890610184
859.5883575883576,872.6385542168674,481.0,498.0,359.8047500684337,0.47687224669603523,20190122,362.8301890610184
0.0,0.0,716.0,688.0,0.0,0.5226586102719033,20190122,362.8301890610184
0.0,0.0,662.0,487.0,0.0,0.5261813537675607,20190122,362.8301890610184
724.2880184331797,739.2236286919831,434.0,474.0,359.8047500684337,0.5025041736227045,20190122,362.8301890610184
706.2134387351779,699.0054347826087,506.0,552.0,359.8047500684337,0.4864516129032258,20190122,362.8301890610184
831.5351351351351,699.8622448979592,370.0,392.0,359.8047500684337,0.4992679355783309,20190122,362.8301890610184
871.3264248704663,836.4888888888889,579.0,495.0,359.8047500684337,0.5491573033707865,20190122,362.8301890610184
1016.9303278688525,1024.8619047619047,488.0,420.0,359.8047500684337,0.5222551928783383,20190122,362.8301890610184
947.4713114754098,974.6342042755344,488.0,421.0,359.8047500684337,0.537828947368421,20190122,362.8301890610184
0.0,0.0,674.0,841.0,0.0,0.4016768292682927,20190122,362.8301890610184
771.807476635514,756.3886010362694,535.0,579.0,359.8047500684337,0.5058295964125561,20190122,362.8301890610184
887.7457627118644,986.1626666666667,885.0,750.0,359.8047500684337,0.65,20190122,362.8301890610184
0.0,0.0,582.0,659.0,0.0,0.518361581920904,20190122,362.8301890610184
986.4166666666666,853.5553191489362,384.0,470.0,359.8047500684337,0.4496487119437939,20190122,362.8301890610184
830.1142061281337,806.7895878524946,359.0,461.0,359.8047500684337,0.4378048780487805,20190122,362.8301890610184
929.4419014084507,1030.0718232044198,568.0,543.0,359.8047500684337,0.5210166177908113,20190122,362.8301890610184
1127.5429184549357,1034.3233532934132,466.0,501.0,359.8047500684337,0.47767857142857145,20190122,362.8301890610184
527.4075235109718,594.5257452574526,319.0,369.0,359.8047500684337,0.4636627906976744,20190122,362.8301890610184
740.7171145685998,712.0825565912118,707.0,751.0,359.8047500684337,0.4705159705159705,20190122,362.8301890610184
951.4040920716112,951.1255230125523,391.0,478.0,359.8047500684337,0.44374209860935526,20190122,362.8301890610184
967.2760563380282,876.225,355.0,320.0,359.8047500684337,0.5259259259259259,20190122,362.8301890610184
668.4427966101695,816.3442136498517,472.0,337.0,359.8047500684337,0.5834363411619283,20190122,362.8301890610184
1038.4537313432836,1077.75,335.0,272.0,359.8047500684337,0.5504885993485342,20190122,362.8301890610184
1040.1291208791208,997.5584045584045,364.0,351.0,359.8047500684337,0.5077793493635078,20190122,362.8301890610184
810.6419529837251,878.3800383877159,553.0,521.0,359.8047500684337,0.43358395989974935,20190122,362.8301890610184
762.4748358862145,716.7857142857143,457.0,476.0,359.8047500684337,0.4849246231155779,20190122,362.8301890610184
869.483870967742,763.5676998368679,496.0,613.0,359.8047500684337,0.43426724137931033,20190122,362.8301890610184
659.5699208443272,707.1333333333333,379.0,360.0,359.8047500684337,0.5128552097428958,20190122,362.8301890610184
803.6806722689075,767.7011494252873,357.0,348.0,359.8047500684337,0.4935064935064935,20190122,362.8301890610184
597.7574750830565,593.1851851851852,301.0,351.0,359.8047500684337,0.4616564417177914,20190122,362.8301890610184
711.7834645669292,754.1766784452296,254.0,283.0,359.8047500684337,0.467680608365019,20190122,362.8301890610184
864.3214285714286,865.9028213166144,364.0,319.0,359.8047500684337,0.5282199710564399,20190122,362.8301890610184
746.9208754208754,660.9946524064171,594.0,561.0,359.8047500684337,0.5021881838074398,20190122,362.8301890610184
0.0,0.0,310.0,313.0,0.0,0.49759229534510435,20190122,362.8301890610184
847.3375262054508,905.3636363636364,477.0,396.0,359.8047500684337,0.5269804822043628,20190122,362.8301890610184
881.7305151915456,846.4949748743719,757.0,398.0,359.8047500684337,0.6554112554112554,20190122,362.8301890610184
785.2372881355932,941.5608247422681,354.0,485.0,360.93780185439743,0.38073394495412843,20190122,362.8301890610184
697.6405529953917,802.5239294710327,434.0,397.0,360.93780185439743,0.5166204986149584,20190122,362.8301890610184
719.1827956989247,808.1252204585538,558.0,567.0,360.93780185439743,0.48059701492537316,20190122,362.8301890610184
849.2680115273776,920.3223880597014,347.0,335.0,360.93780185439743,0.4984076433121019,20190122,362.8301890610184
0.0,0.0,498.0,415.0,0.0,0.5444579780755177,20190122,362.8301890610184
968.62,1123.4647201946473,650.0,411.0,360.93780185439743,0.5445420326223338,20190122,362.8301890610184
0.0,0.0,730.0,771.0,0.0,0.4876604146100691,20190122,362.8301890610184
0.0,0.0,681.0,908.0,0.0,0.5033621517771374,20190122,362.8301890610184
682.3018867924528,720.0900900900901,636.0,555.0,360.93780185439743,0.49265536723163844,20190122,362.8301890610184
975.6039279869067,0.0,611.0,804.0,360.93780185439743,0.4726027397260274,20190122,362.8301890610184
843.5920577617328,924.0475247524753,554.0,505.0,360.93780185439743,0.5603932584269663,20190122,362.8301890610184
762.9222042139384,0.0,617.0,542.0,360.93780185439743,0.4958100558659218,20190122,362.8301890610184
959.363196125908,947.4354430379747,413.0,395.0,360.93780185439743,0.4701195219123506,20190122,362.8301890610184
1166.5256673511294,952.9354838709677,487.0,930.0,360.93780185439743,0.510747185261003,20190122,362.8301890610184
0.0,0.0,602.0,706.0,0.0,0.5147783251231527,20190122,362.8301890610184
811.7489711934156,688.0141843971631,486.0,705.0,360.93780185439743,0.4165154264972777,20190122,362.8301890610184
1332.2781456953642,1305.8540540540541,604.0,555.0,360.93780185439743,0.5176715176715176,20190122,362.8301890610184
962.6743215031315,1116.9204819277109,479.0,415.0,360.93780185439743,0.5533707865168539,20190122,362.8301890610184
1250.987525987526,1280.2054794520548,481.0,438.0,360.93780185439743,0.4883720930232558,20190122,362.8301890610184
1687.7885462555066,1565.927203065134,454.0,522.0,360.93780185439743,0.4774665042630938,20190122,362.8301890610184
0.0,0.0,674.0,709.0,0.0,0.506832298136646,20190122,362.8301890610184
756.9803921568628,855.1210374639769,459.0,347.0,360.93780185439743,0.5720221606648199,20190122,362.8301890610184
805.0403587443947,792.841075794621,446.0,409.0,360.93780185439743,0.49818621523579204,20190122,362.8301890610184
800.1813602015113,793.3362068965517,397.0,348.0,360.93780185439743,0.5252808988764045,20190122,362.8301890610184
798.2375690607735,722.1577777777778,362.0,450.0,360.93780185439743,0.4657534246575342,20190122,362.8301890610184
662.5776255707763,735.1331877729258,438.0,458.0,360.93780185439743,0.46984572230014027,20190122,362.8301890610184
868.8977272727273,828.413988657845,616.0,529.0,360.93780185439743,0.46195652173913043,20190122,362.8301890610184
714.1394736842105,728.5924170616114,380.0,422.0,360.93780185439743,0.46408839779005523,20190122,362.8301890610184
701.3787528868361,653.2678185745141,433.0,463.0,360.93780185439743,0.48325892857142855,20190122,362.8301890610184
865.1802884615385,813.6307339449542,416.0,436.0,360.93780185439743,0.48867699642431467,20190122,362.8301890610184
0.0,751.8027210884354,351.0,441.0,0.0,0.5246636771300448,20190122,362.8301890610184
880.3230769230769,767.3798767967146,455.0,487.0,360.93780185439743,0.4930715935334873,20190122,362.8301890610184
731.3740458015267,805.8193717277487,393.0,382.0,360.93780185439743,0.5280373831775701,20190122,362.8301890610184
754.4413407821229,689.6846153846154,358.0,390.0,360.93780185439743,0.4826666666666667,20190122,362.8301890610184
619.1307339449542,674.9119047619048,436.0,420.0,360.93780185439743,0.5093457943925234,20190122,362.8301890610184
658.3734693877551,621.781007751938,490.0,516.0,360.93780185439743,0.47425742574257423,20190122,362.8301890610184
739.546875,794.3573667711598,320.0,319.0,360.93780185439743,0.5420560747663551,20190122,362.8301890610184
740.8642533936652,855.9353099730458,442.0,371.0,360.93780185439743,0.5295902883156297,20190122,362.8301890610184
861.1054545454546,763.548275862069,275.0,290.0,360.93780185439743,0.47610294117647056,20190122,362.8301890610184
674.3691275167786,689.6656101426307,596.0,631.0,360.93780185439743,0.4705400981996727,20190122,362.8301890610184
917.3860232945092,917.9469578783152,601.0,641.0,360.93780185439743,0.48604860486048607,20190122,362.8301890610184
923.5809248554913,1057.7245508982037,346.0,334.0,360.93780185439743,0.5088235294117647,20190122,362.8301890610184
749.1777777777778,743.8654545454546,585.0,550.0,360.93780185439743,0.523854961832061,20190122,362.8301890610184
805.697270471464,762.9134615384615,403.0,416.0,360.93780185439743,0.5006622516556292,20190122,362.8301890610184
791.588785046729,868.195918367347,321.0,245.0,360.93780185439743,0.5583482944344704,20190122,362.8301890610184
0.0,1043.6104166666667,751.0,480.0,0.0,0.6456310679611651,20190122,362.8301890610184
710.7628635346756,753.8882978723404,447.0,376.0,360.37294121614735,0.5305232558139535,20190122,362.8301890610184
679.0592734225621,693.4146341463414,523.0,574.0,360.37294121614735,0.46401225114854516,20190122,362.8301890610184
882.4809160305343,901.2042440318303,393.0,377.0,360.37294121614735,0.49534450651769085,20190122,362.8301890610184
976.4794117647059,945.2088772845952,340.0,383.0,360.37294121614735,0.47331460674157305,20190122,362.8301890610184
0.0,0.0,658.0,631.0,0.0,0.5018359853121175,20190122,362.8301890610184
851.0748299319728,965.2380952380952,441.0,357.0,360.37294121614735,0.5468277945619335,20190122,362.8301890610184
0.0,0.0,583.0,710.0,0.0,0.46382428940568476,20190122,362.8301890610184
906.8966346153846,873.7718446601941,416.0,412.0,360.37294121614735,0.5034965034965035,20190122,362.8301890610184
721.9541984732824,700.9443585780525,524.0,647.0,360.37294121614735,0.44012282497441146,20190122,362.8301890610184
1009.1832258064516,1135.5032894736842,775.0,608.0,360.37294121614735,0.5154091392136025,20190122,362.8301890610184
0.0,0.0,419.0,555.0,0.0,0.47766323024054985,20190122,362.8301890610184
0.0,0.0,600.0,671.0,0.0,0.5140073081607796,20190122,362.8301890610184
758.548060708263,778.5714285714286,593.0,616.0,360.37294121614735,0.49158653846153844,20190122,362.8301890610184
830.2783725910065,795.255985267035,467.0,543.0,360.37294121614735,0.4652605459057072,20190122,362.8301890610184
0.0,0.0,562.0,712.0,0.0,0.4824462061155153,20190122,362.8301890610184
1329.6005509641873,1075.4191729323309,363.0,532.0,360.37294121614735,0.4801762114537445,20190122,362.8301890610184
0.0,0.0,594.0,780.0,0.0,0.5626598465473146,20190122,362.8301890610184
1010.1196078431373,1035.2875226039782,510.0,553.0,360.37294121614735,0.4825090470446321,20190122,362.8301890610184
1006.2835497835498,967.2830188679245,462.0,477.0,360.37294121614735,0.504950495049505,20190122,362.8301890610184
0.0,620.6832971800434,501.0,461.0,0.0,0.543757292882147,20190122,362.8301890610184
1065.5695067264573,1074.36,669.0,575.0,360.37294121614735,0.4951974386339381,20190122,362.8301890610184
0.0,721.2673410404624,507.0,692.0,0.0,0.6209223847019123,20190122,362.8301890610184
931.102787456446,801.2920634920634,574.0,630.0,360.37294121614735,0.5441696113074205,20190122,362.8301890610184
0.0,0.0,617.0,588.0,0.0,0.4146118721461187,20190122,362.8301890610184
739.1822541966427,746.7534516765286,417.0,507.0,360.37294121614735,0.4536784741144414,20190122,362.8301890610184
832.2578947368421,945.3135313531353,570.0,606.0,360.37294121614735,0.4899845916795069,20190122,362.8301890610184
856.5390476190477,1237.8503649635036,525.0,548.0,360.37294121614735,0.4875,20190122,362.8301890610184
842.9466357308585,683.5512367491166,431.0,566.0,360.37294121614735,0.48450704225352115,20190122,362.8301890610184
981.0619136960601,0.0,533.0,692.0,360.37294121614735,0.422972972972973,20190122,362.8301890610184
959.8070866141733,1012.2048997772829,508.0,449.0,360.37294121614735,0.5097402597402597,20190122,362.8301890610184
0.0,0.0,468.0,863.0,0.0,0.3555166374781086,20190122,362.8301890610184
721.9543378995434,721.7735042735043,438.0,468.0,360.37294121614735,0.5057142857142857,20190122,362.8301890610184
707.4536817102138,665.06852248394,421.0,467.0,360.37294121614735,0.4599092284417549,20190122,362.8301890610184
874.2962085308056,886.9777158774373,422.0,359.0,360.37294121614735,0.5676567656765676,20190122,362.8301890610184
818.0456730769231,825.0508905852417,416.0,393.0,360.37294121614735,0.5031210986267166,20190122,362.8301890610184
737.9576059850374,798.6441558441559,401.0,385.0,360.37294121614735,0.5226939970717424,20190122,362.8301890610184
739.4948979591836,696.8574610244989,392.0,449.0,360.37294121614735,0.45868263473053894,20190122,362.8301890610184
917.4655172413793,818.9810725552051,290.0,317.0,360.37294121614735,0.47775947281713343,20190122,362.8301890610184
821.2832369942197,850.5428571428571,346.0,315.0,360.37294121614735,0.5234493192133132,20190122,362.8301890610184
994.7689873417721,1116.7948243992607,316.0,541.0,360.37294121614735,0.3687281213535589,20190122,362.8301890610184
0.0,0.0,623.0,569.0,0.0,0.5244536940686785,20190122,362.8301890610184
1118.3866279069769,1211.9405684754522,344.0,387.0,360.37294121614735,0.4654867256637168,20190122,362.8301890610184
1163.516129032258,1098.2027777777778,341.0,360.0,360.37294121614735,0.4864479315263909,20190122,362.8301890610184
676.1950672645739,631.8900414937759,446.0,482.0,360.37294121614735,0.44170096021947874,20190122,362.8301890610184
684.0,786.5549132947976,338.0,346.0,360.37294121614735,0.5063752276867031,20190122,362.8301890610184
973.6218809980807,912.7223198594024,521.0,569.0,360.37294121614735,0.4779816513761468,20190122,362.8301890610184
933.3850574712644,859.3,348.0,420.0,360.37294121614735,0.4576271186440678,20190122,362.8301890610184
808.4940170940171,792.3221476510067,585.0,447.0,360.37294121614735,0.5668604651162791,20190122,362.8301890610184
825.9741176470588,763.901030927835,425.0,485.0,360.37294121614735,0.4568210262828536,20190122,362.8301890610184
930.1732522796352,986.5655430711611,329.0,267.0,360.37294121614735,0.49885057471264366,20190122,362.8301890610184
842.0527859237536,836.1481481481482,341.0,324.0,360.37294121614735,0.4731369150779896,20190122,362.8301890610184
1005.514,940.3462962962963,500.0,540.0,360.37294121614735,0.46734234234234234,20190122,362.8301890610184
889.945652173913,878.6297376093295,368.0,343.0,360.37294121614735,0.5676077265973254,20190122,362.8301890610184
991.0553935860058,867.9191616766467,343.0,334.0,360.37294121614735,0.5151006711409396,20190122,362.8301890610184
677.3946078431372,729.5272727272727,408.0,330.0,360.37294121614735,0.5558912386706949,20190122,362.8301890610184
647.7062937062936,645.3828382838284,715.0,303.0,360.37294121614735,0.7023575638506876,20190122,362.8301890610184
905.1920731707318,897.8085443037975,656.0,632.0,360.37294121614735,0.5179533213644524,20190122,362.8301890610184
1118.5971731448763,1052.40830449827,283.0,289.0,360.37294121614735,0.49475524475524474,20190122,362.8301890610184
0.0,0.0,459.0,687.0,0.0,0.459802538787024,20190122,362.8301890610184
866.0595482546202,956.7239263803681,487.0,489.0,353.03514018191703,0.5241477272727273,20190122,362.8301890610184
1041.1398305084747,1088.5894988066825,472.0,419.0,353.03514018191703,0.5216783216783217,20190122,362.8301890610184
1065.3627906976744,925.6873508353221,430.0,419.0,353.03514018191703,0.5040760869565217,20190122,362.8301890610184
720.0132231404958,773.1911764705883,605.0,544.0,353.03514018191703,0.519559902200489,20190122,362.8301890610184
758.5456475583865,795.1057884231537,471.0,501.0,353.03514018191703,0.4731823599523242,20190122,362.8301890610184
952.9769874476988,695.3894389438943,478.0,606.0,353.03514018191703,0.4895287958115183,20190122,362.8301890610184
744.8038379530917,770.7390300230946,469.0,433.0,353.03514018191703,0.5185643564356436,20190122,362.8301890610184
720.9047619047619,814.5140186915888,462.0,428.0,353.03514018191703,0.5233022636484687,20190122,362.8301890610184
782.2685950413223,906.4693446088795,484.0,473.0,353.03514018191703,0.5029868578255675,20190122,362.8301890610184
792.9601990049752,843.960372960373,603.0,429.0,353.03514018191703,0.5715767634854771,20190122,362.8301890610184
860.4895104895105,754.3229357798165,429.0,545.0,353.03514018191703,0.43483412322274884,20190122,362.8301890610184
0.0,869.3692307692307,535.0,585.0,0.0,0.48743718592964824,20190122,362.8301890610184
806.2941176470588,921.6743215031315,646.0,479.0,353.03514018191703,0.5742222222222222,20190122,362.8301890610184
830.2073529411765,925.0539325842697,680.0,445.0,353.03514018191703,0.5390428211586902,20190122,362.8301890610184
826.112426035503,736.505249343832,507.0,762.0,353.03514018191703,0.4662721893491124,20190122,362.8301890610184
963.2754590984975,1146.6536412078153,599.0,563.0,353.03514018191703,0.5384615384615384,20190122,362.8301890610184
0.0,0.0,619.0,749.0,0.0,0.48741007194244607,20190122,362.8301890610184
972.5566750629723,713.5932584269663,397.0,445.0,353.03514018191703,0.4747612551159618,20190122,362.8301890610184
810.5244618395303,701.8973384030418,511.0,526.0,353.03514018191703,0.49160671462829736,20190122,362.8301890610184
671.8948863636364,0.0,352.0,399.0,353.03514018191703,0.47774869109947643,20190122,362.8301890610184
0.0,754.501066098081,442.0,469.0,0.0,0.5139318885448917,20190122,362.8301890610184
618.0484693877551,739.8016997167139,392.0,353.0,353.03514018191703,0.5306704707560628,20190122,362.8301890610184
598.8519313304721,576.1305555555556,466.0,360.0,353.03514018191703,0.5587044534412956,20190122,362.8301890610184
708.1316526610644,768.379213483146,357.0,356.0,353.03514018191703,0.5064102564102564,20190122,362.8301890610184
677.3060109289618,672.8921832884097,366.0,371.0,353.03514018191703,0.60431654676259,20190122,362.8301890610184
724.555785123967,721.8115631691649,484.0,467.0,353.03514018191703,0.508937960042061,20190122,362.8301890610184
765.231101511879,727.031746031746,463.0,441.0,353.03514018191703,0.5055928411633109,20190122,362.8301890610184
881.8059071729958,863.3237410071943,474.0,417.0,353.03514018191703,0.5388951521984217,20190122,362.8301890610184
1001.3002680965147,0.0,373.0,389.0,353.03514018191703,0.4970326409495549,20190122,362.8301890610184
819.2037617554859,837.8163265306123,319.0,294.0,353.03514018191703,0.5226039783001808,20190122,362.8301890610184
729.6908517350158,694.090206185567,317.0,388.0,353.03514018191703,0.46846846846846846,20190122,362.8301890610184
758.868085106383,777.215644820296,470.0,473.0,353.03514018191703,0.4984093319194062,20190122,362.8301890610184
884.3387470997679,1012.2830188679245,431.0,318.0,353.03514018191703,0.6198083067092651,20190122,362.8301890610184
915.593837535014,961.2978723404256,357.0,329.0,353.03514018191703,0.5208333333333334,20190122,362.8301890610184
0.0,0.0,681.0,919.0,0.0,0.47549019607843135,20190122,362.8301890610184
0.0,0.0,590.0,602.0,0.0,0.5293478260869565,20190122,362.8301890610184
1048.3897435897436,1036.7830578512396,390.0,484.0,353.8096272692955,0.4318840579710145,20190122,362.8301890610184
1229.7404580152672,962.4063829787234,393.0,470.0,353.8096272692955,0.4528301886792453,20190122,362.8301890610184
527.4681818181818,527.2112676056338,660.0,568.0,353.8096272692955,0.5107851596203624,20190122,362.8301890610184
1143.8803680981596,1202.0348258706467,326.0,402.0,353.8096272692955,0.4876140808344198,20190122,362.8301890610184
0.0,0.0,675.0,561.0,0.0,0.5146871008939975,20190122,362.8301890610184
0.0,0.0,489.0,648.0,0.0,0.5014005602240896,20190122,362.8301890610184
998.4756637168142,826.8224956063269,452.0,569.0,353.8096272692955,0.4419431279620853,20190122,362.8301890610184
1068.7679083094556,887.8,349.0,405.0,353.8096272692955,0.48084291187739464,20190122,362.8301890610184
745.6038647342995,0.0,621.0,659.0,353.8096272692955,0.48735408560311283,20190122,362.8301890610184
0.0,0.0,674.0,770.0,0.0,0.4906219151036525,20190122,362.8301890610184
940.1858974358975,826.9184890656063,468.0,503.0,353.8096272692955,0.5168119551681195,20190122,362.8301890610184
0.0,868.2721674876848,569.0,812.0,0.0,0.5074309978768577,20190122,362.8301890610184
0.0,0.0,846.0,668.0,0.0,0.5136,20190122,362.8301890610184
0.0,775.4133738601823,646.0,658.0,0.0,0.5665488810365136,20190122,362.8301890610184
812.4616666666667,775.1793960923624,600.0,563.0,353.8096272692955,0.5139484978540773,20190122,362.8301890610184
988.7931034482758,952.9410569105692,435.0,492.0,353.8096272692955,0.47702060221870046,20190122,362.8301890610184
942.6052631578947,1115.7239583333333,418.0,384.0,353.8096272692955,0.5500821018062397,20190122,362.8301890610184
857.4126506024096,841.6552511415525,332.0,438.0,353.8096272692955,0.42778793418647165,20190122,362.8301890610184
833.26875,692.6937354988399,320.0,431.0,353.8096272692955,0.3989983305509182,20190122,362.8301890610184
748.1884057971015,778.4502762430939,759.0,724.0,353.8096272692955,0.523841961852861,20190122,362.8301890610184
698.6675324675325,808.3083573487032,385.0,347.0,353.8096272692955,0.4993006993006993,20190122,362.8301890610184
708.3949191685912,678.9446721311475,433.0,488.0,353.8096272692955,0.47014115092290987,20190122,362.8301890610184
1010.6911076443058,974.0035335689046,641.0,283.0,353.8096272692955,0.6937229437229437,20190122,362.8301890610184
1748.8349358974358,805.4967948717949,624.0,312.0,353.8096272692955,0.6359223300970874,20190122,362.8301890610184
828.5993690851735,1012.8700787401575,317.0,254.0,353.8096272692955,0.5440900562851783,20190122,362.8301890610184
876.7120743034055,803.3614130434783,323.0,368.0,353.8096272692955,0.462109955423477,20190122,362.8301890610184
760.9832402234637,834.1713483146067,358.0,356.0,353.8096272692955,0.5185714285714286,20190122,362.8301890610184
830.7298578199052,712.4988814317674,422.0,447.0,353.8096272692955,0.48592411260709917,20190122,362.8301890610184
566.7898936170212,599.5140415140415,752.0,819.0,353.8096272692955,0.47867600254614895,20190122,362.8301890610184
751.81,698.6406619385343,500.0,423.0,353.8096272692955,0.4890829694323144,20190122,362.8301890610184
785.5014577259475,818.1572327044025,343.0,318.0,353.8096272692955,0.518910741301059,20190122,362.8301890610184
821.0412541254126,816.5543806646525,606.0,662.0,353.8096272692955,0.48181083265966046,20190122,362.8301890610184
782.0441988950276,728.9409937888199,362.0,322.0,353.8096272692955,0.5292397660818714,20190122,362.8301890610184
825.8937728937728,792.6543624161073,273.0,298.0,353.8096272692955,0.48063380281690143,20190122,362.8301890610184
735.1338797814208,669.2356164383561,366.0,365.0,353.8096272692955,0.4862119013062409,20190122,362.8301890610184
651.2440944881889,752.9327146171694,254.0,431.0,353.8096272692955,0.3708029197080292,20190122,362.8301890610184
802.5720081135903,878.1945812807882,493.0,406.0,349.89322541061836,0.5089974293059126,20190122,362.8301890610184
891.5290456431535,792.1958762886597,482.0,485.0,349.89322541061836,0.47819767441860467,20190122,362.8301890610184
0.0,0.0,656.0,369.0,0.0,0.5336225596529284,20190122,362.8301890610184
0.0,0.0,860.0,838.0,0.0,0.4712308812818645,20190122,362.8301890610184
1223.0796324655437,847.0776699029126,653.0,412.0,349.89322541061836,0.6131455399061033,20190122,362.8301890610184
942.4330900243309,910.323325635104,411.0,433.0,349.89322541061836,0.4963592233009709,20190122,362.8301890610184
773.8117408906883,749.630295250321,494.0,779.0,349.89322541061836,0.456441717791411,20190122,362.8301890610184
1050.640873015873,1086.393536121673,504.0,526.0,349.89322541061836,0.5070754716981132,20190122,362.8301890610184
1085.918811881188,1097.107438016529,505.0,484.0,349.89322541061836,0.4860724233983287,20190122,362.8301890610184
818.1504854368932,829.2822580645161,618.0,620.0,349.89322541061836,0.49049881235154397,20190122,362.8301890610184
749.9123102866779,841.7948717948718,593.0,468.0,349.89322541061836,0.5556831228473019,20190122,362.8301890610184
832.7150442477877,833.7591093117409,565.0,494.0,349.89322541061836,0.48,20190122,362.8301890610184
906.080985915493,948.5075757575758,284.0,264.0,349.89322541061836,0.5182481751824818,20190122,362.8301890610184
930.5029069767442,0.0,344.0,283.0,349.89322541061836,0.5337301587301587,20190122,362.8301890610184
875.0633608815427,689.8646080760095,363.0,421.0,349.89322541061836,0.48132780082987553,20190122,362.8301890610184
1050.5986842105262,925.7960784313725,304.0,255.0,349.89322541061836,0.5850202429149798,20190122,362.8301890610184
851.4810495626822,940.741641337386,343.0,329.0,349.89322541061836,0.5104166666666666,20190122,362.8301890610184
958.9904610492846,987.3575418994413,629.0,716.0,392.8650487842037,0.4818181818181818,20190122,362.8301890610184
812.1532567049809,728.4592346089851,522.0,601.0,392.8650487842037,0.4658721560130011,20190122,362.8301890610184
808.0538336052202,738.6522435897435,613.0,624.0,392.8650487842037,0.5105067985166872,20190122,362.8301890610184
828.4670571010249,781.5074424898512,683.0,739.0,392.8650487842037,0.5366357069143447,20190122,362.8301890610184
747.72334682861,753.9932157394844,741.0,737.0,392.8650487842037,0.5040462427745664,20190122,362.8301890610184
835.7337398373984,856.3370786516854,492.0,534.0,392.8650487842037,0.47633136094674555,20190122,362.8301890610184
886.5977011494252,880.2359813084112,435.0,428.0,392.8650487842037,0.49325153374233127,20190122,362.8301890610184
645.2366737739873,769.5748373101952,469.0,461.0,392.8650487842037,0.5384615384615384,20190122,362.8301890610184
942.3971291866029,971.4905982905983,627.0,585.0,392.8650487842037,0.5173267326732673,20190122,362.8301890610184
0.0,795.0434782608696,938.0,552.0,0.0,0.5317365269461077,20190122,362.8301890610184
1063.7494553376907,0.0,459.0,671.0,368.03267030632526,0.4326923076923077,20190122,362.8301890610184
645.3121621621622,0.0,740.0,581.0,368.03267030632526,0.5006090133982948,20190122,362.8301890610184
767.5946547884187,802.5064935064935,449.0,462.0,368.03267030632526,0.4796926454445664,20190122,362.8301890610184
904.6848137535817,842.9053708439898,349.0,391.0,368.03267030632526,0.47162162162162163,20190122,362.8301890610184
0.0,0.0,712.0,657.0,0.0,0.51875,20190122,362.8301890610184
860.0642570281125,757.7615384615384,498.0,520.0,368.03267030632526,0.49105145413870244,20190122,362.8301890610184
739.3867243867244,0.0,693.0,586.0,368.03267030632526,0.46955503512880564,20190122,362.8301890610184
614.1017488076311,635.2306306306307,629.0,555.0,368.03267030632526,0.5082706766917293,20190122,362.8301890610184
0.0,1591.2463054187192,303.0,406.0,0.0,0.49169435215946844,20190122,362.8301890610184
1159.83984375,1045.6099706744867,256.0,341.0,368.03267030632526,0.4197324414715719,20190122,362.8301890610184
0.0,0.0,366.0,396.0,0.0,0.48031496062992124,20190122,362.8301890610184
816.6055555555556,872.5048859934853,360.0,307.0,368.03267030632526,0.5397301349325337,20190122,362.8301890610184
749.4851485148515,741.4887892376681,404.0,446.0,368.03267030632526,0.4752941176470588,20190122,362.8301890610184
0.0,908.940074906367,583.0,801.0,0.0,0.5076741440377804,20190122,362.8301890610184
922.2642487046633,1033.5695187165775,386.0,374.0,368.03267030632526,0.5442622950819672,20190122,362.8301890610184
1001.4802955665025,1048.5198938992041,406.0,377.0,368.03267030632526,0.4905109489051095,20190122,362.8301890610184
1143.7944444444445,1360.6545842217483,540.0,469.0,368.03267030632526,0.5213930348258706,20190122,362.8301890610184
0.0,1318.4267161410019,542.0,539.0,0.0,0.5646606914212549,20190122,362.8301890610184
1234.0906344410876,1097.068119891008,331.0,367.0,368.03267030632526,0.49493243243243246,20190122,362.8301890610184
975.3420289855072,1024.2775800711743,345.0,281.0,368.03267030632526,0.5358851674641149,20190122,362.8301890610184
712.5658362989324,712.5470383275261,281.0,287.0,368.03267030632526,0.49471830985915494,20190122,362.8301890610184
1255.7606382978724,829.0455840455841,376.0,351.0,368.03267030632526,0.5290933694181326,20190122,362.8301890610184
921.7667638483965,834.3154929577465,343.0,355.0,368.03267030632526,0.4824561403508772,20190122,362.8301890610184
873.6079295154185,742.3873370577281,454.0,537.0,368.03267030632526,0.4822888283378747,20190122,362.8301890610184
715.7972508591065,738.5514285714286,291.0,350.0,368.03267030632526,0.4592476489028213,20190122,362.8301890610184
1079.2259259259258,1081.3764258555134,270.0,263.0,368.03267030632526,0.5065666041275797,20190122,362.8301890610184
0.0,0.0,410.0,505.0,0.0,0.46538024971623154,20190122,362.8301890610184
718.0504672897197,694.8441176470589,535.0,680.0,368.03267030632526,0.4403292181069959,20190122,362.8301890610184
1027.6539923954372,1066.1610017889088,526.0,559.0,360.09768739075173,0.47847847847847846,20190122,362.8301890610184
1137.2237196765498,1232.671511627907,371.0,344.0,360.09768739075173,0.5301204819277109,20190122,362.8301890610184
939.3754325259515,892.2897822445561,578.0,597.0,360.09768739075173,0.4937655860349127,20190122,362.8301890610184
812.3384615384615,738.4363057324841,325.0,314.0,360.09768739075173,0.5216,20190122,362.8301890610184
758.115763546798,676.7152619589978,406.0,439.0,360.09768739075173,0.45296671490593343,20190122,362.8301890610184
956.4675324675325,836.9590973201692,616.0,709.0,360.09768739075173,0.4940898345153664,20190122,362.8301890610184
741.1134969325153,630.6010362694301,326.0,386.0,360.09768739075173,0.45677233429394815,20190122,362.8301890610184
1056.474358974359,1108.5869565217392,624.0,460.0,376.8278709598668,0.5749385749385749,20190122,362.8301890610184
887.3654390934844,901.5062656641604,353.0,399.0,376.8278709598668,0.4970674486803519,20190122,362.8301890610184
765.2047413793103,806.8754512635379,464.0,554.0,376.8278709598668,0.4763157894736842,20190122,362.8301890610184
0.0,0.0,816.0,909.0,0.0,0.4648401826484018,20190122,362.8301890610184
0.0,0.0,567.0,604.0,0.0,0.5183431952662721,20190122,362.8301890610184
880.9682151589242,880.8659217877095,409.0,358.0,376.8278709598668,0.5320600272851296,20190122,362.8301890610184
931.2723311546841,864.7201646090535,459.0,486.0,376.8278709598668,0.4857142857142857,20190122,362.8301890610184
639.5217391304348,611.594127806563,460.0,579.0,376.8278709598668,0.4612286002014099,20190122,362.8301890610184
823.9041450777202,848.33608815427,386.0,363.0,376.8278709598668,0.5292479108635098,20190122,362.8301890610184
1004.5776699029126,919.3777089783282,412.0,323.0,376.8278709598668,0.5218068535825545,20190122,362.8301890610184
739.6342105263158,687.4211956521739,380.0,368.0,376.8278709598668,0.5080213903743316,20190122,362.8301890610184
1074.3041362530414,1065.1103896103896,411.0,462.0,376.8278709598668,0.47661188369152974,20190122,362.8301890610184
0.0,952.2615803814714,740.0,367.0,0.0,0.6954887218045113,20190122,362.8301890610184
905.0840336134454,771.8552338530067,476.0,449.0,376.8278709598668,0.4883720930232558,20190122,362.8301890610184
1159.9950738916257,1004.0880195599022,406.0,409.0,376.8278709598668,0.5115332428765265,20190122,362.8301890610184
851.3667205169628,809.9983974358975,619.0,624.0,376.8278709598668,0.49798873692679,20190122,362.8301890610184
893.413357400722,956.187134502924,554.0,513.0,417.03891223263713,0.5236742424242424,20190122,362.8301890610184
927.2370689655172,949.5581395348837,464.0,430.0,417.03891223263713,0.5144508670520231,20190122,362.8301890610184
1042.828888888889,0.0,450.0,683.0,417.03891223263713,0.36641929499072357,20190122,362.8301890610184
1004.0,1019.821238938053,528.0,565.0,417.03891223263713,0.49515738498789347,20190122,362.8301890610184
785.5411392405064,783.3322580645162,316.0,310.0,417.03891223263713,0.4781931464174455,20190122,362.8301890610184
1254.3543307086613,1164.1693290734825,254.0,313.0,417.03891223263713,0.4537205081669691,20190122,362.8301890610184
1300.3810572687225,1287.9385171790236,454.0,553.0,417.03891223263713,0.4381752701080432,20190122,362.8301890610184
0.0,0.0,660.0,699.0,0.0,0.4897959183673469,20190122,362.8301890610184
1106.0727699530516,1167.8255813953488,426.0,430.0,417.03891223263713,0.5005931198102017,20190122,362.8301890610184
1170.7397660818713,1156.971052631579,342.0,380.0,417.03891223263713,0.4719562243502052,20190122,362.8301890610184
0.0,0.0,791.0,735.0,0.0,0.5654038598999285,20190122,362.8301890610184
1120.2212543554008,996.9373942470389,574.0,591.0,417.03891223263713,0.4834503510531595,20190122,362.8301890610184
1057.928746928747,1234.6657894736843,407.0,380.0,417.03891223263713,0.5246826516220028,20190122,362.8301890610184
1180.9480198019803,1072.108527131783,404.0,387.0,417.03891223263713,0.5233516483516484,20190122,362.8301890610184
0.0,934.3667820069204,391.0,578.0,0.0,0.4629404617253949,20190122,362.8301890610184
1169.7591362126245,1331.4457547169811,602.0,424.0,417.03891223263713,0.5976447497546614,20190122,362.8301890610184
892.2278911564625,813.776119402985,294.0,335.0,417.03891223263713,0.4948805460750853,20190122,362.8301890610184
0.0,1012.3107890499194,620.0,621.0,0.0,0.4752714113389626,20190122,362.8301890610184
1005.1603773584906,1014.1462585034013,318.0,294.0,417.03891223263713,0.5196078431372549,20190122,362.8301890610184
886.1930894308944,930.3975409836065,492.0,244.0,417.03891223263713,0.6684782608695652,20190122,362.8301890610184
1068.4004376367616,1051.5847953216373,457.0,342.0,417.03891223263713,0.5876436781609196,20190122,362.8301890610184
1083.633257403189,1110.1322505800465,439.0,431.0,417.03891223263713,0.48498845265588914,20190122,362.8301890610184
842.7278195488722,801.6440677966102,665.0,767.0,382.4747122740209,0.5326732673267327,20190122,362.8301890610184
997.5097276264592,985.392578125,514.0,512.0,382.4747122740209,0.4391891891891892,20190122,362.8301890610184
921.7223113964687,1012.681592039801,623.0,402.0,382.4747122740209,0.5365566037735849,20190122,362.8301890610184
905.859649122807,888.6824196597354,513.0,529.0,382.4747122740209,0.48982035928143713,20190122,362.8301890610184
0.0,700.6271844660195,434.0,515.0,0.0,0.5446313065976714,20190122,362.8301890610184
765.1904761904761,608.2467191601049,294.0,381.0,382.4747122740209,0.4537313432835821,20190122,362.8301890610184
989.0963302752293,1171.0623556581986,436.0,433.0,382.4747122740209,0.5148095909732017,20190122,362.8301890610184
1048.7222222222222,926.0864978902954,468.0,474.0,382.4747122740209,0.49079089924160346,20190122,362.8301890610184
870.4258760107816,874.6332518337408,371.0,409.0,382.4747122740209,0.4924965893587995,20190122,362.8301890610184
792.347533632287,716.8461538461538,446.0,442.0,382.4747122740209,0.5034387895460798,20190122,362.8301890610184
857.5176470588235,798.880658436214,255.0,243.0,382.4747122740209,0.5278969957081545,20190122,362.8301890610184
936.3899253731344,903.3505917159763,536.0,676.0,382.4747122740209,0.4539249146757679,20190122,362.8301890610184
789.3696098562629,755.0110132158591,487.0,454.0,382.4747122740209,0.5283018867924528,20190122,362.8301890610184
0.0,0.0,595.0,509.0,0.0,0.5594989561586639,20190122,362.8301890610184
921.555900621118,825.798347107438,322.0,605.0,376.48627059520294,0.34735706580366776,20190122,362.8301890610184
0.0,702.7151162790698,422.0,516.0,0.0,0.46172248803827753,20190122,362.8301890610184
0.0,0.0,822.0,777.0,0.0,0.6129848229342327,20190122,362.8301890610184
0.0,0.0,843.0,724.0,0.0,0.47438524590163933,20190122,362.8301890610184
1095.792576419214,988.6285714285714,458.0,525.0,376.48627059520294,0.45896656534954405,20190122,362.8301890610184
0.0,0.0,832.0,808.0,0.0,0.5068714632174616,20190122,362.8301890610184
0.0,863.7395626242545,651.0,503.0,0.0,0.5486641221374046,20190122,362.8301890610184
845.5953389830509,830.6763005780347,472.0,519.0,376.48627059520294,0.4494875549048316,20190122,362.8301890610184
1070.2435344827586,1042.9185750636132,464.0,393.0,376.48627059520294,0.5414235705950992,20190122,362.8301890610184
962.2764578833693,909.7396694214876,463.0,484.0,376.48627059520294,0.4980544747081712,20190122,362.8301890610184
837.3465909090909,857.8538205980067,352.0,301.0,376.48627059520294,0.5057692307692307,20190122,362.8301890610184
761.0258620689655,723.7539863325741,348.0,439.0,376.48627059520294,0.44218551461245237,20190122,362.8301890610184
559.7379421221865,576.1467576791808,622.0,586.0,376.48627059520294,0.4890929965556831,20190122,362.8301890610184
584.3059581320451,564.4428822495606,621.0,569.0,376.48627059520294,0.4953596287703016,20190122,362.8301890610184
818.015243902439,805.4897959183673,328.0,343.0,376.48627059520294,0.49683544303797467,20190122,362.8301890610184
794.4899193548387,0.0,496.0,471.0,376.48627059520294,0.5610438024231128,20190122,362.8301890610184
782.2979351032449,868.1408450704225,339.0,355.0,376.48627059520294,0.5170278637770898,20190122,362.8301890610184
